cap,ballast_on,housing_loaded_g,mass_kg,draft_in,freeboard_in,KG_in,KB_in,BM_in,GM_in,gz_max_in,gz_max_deg,rm_max_Nm,vanishing_deg
3.0 in (v5 STEP),0,0,7.626,2.405,6.095,4.612,1.330,10.492,7.211,2.578,40,4.61,91.5
3.0 in (v5 STEP),0,500,8.126,2.528,5.972,4.684,1.404,10.378,7.098,2.501,40,4.79,90.2
3.0 in (v5 STEP),0,1000,8.626,2.649,5.851,4.747,1.476,10.288,7.017,2.430,40,4.95,89.2
3.0 in (v5 STEP),0,1500,9.126,2.766,5.734,4.803,1.547,9.969,6.714,2.361,40,5.11,88.3
3.0 in (v5 STEP),0,2000,9.626,2.883,5.617,4.853,1.617,9.426,6.190,2.295,40,5.25,87.5
3.0 in (v5 STEP),0,2500,10.126,3.000,5.500,4.898,1.685,8.940,5.727,2.230,40,5.38,86.6
3.0 in (v5 STEP),0,3000,10.626,3.119,5.381,4.938,1.753,8.501,5.315,2.165,40,5.49,85.8
3.0 in (v5 STEP),0,3500,11.126,3.235,5.265,4.974,1.819,8.103,4.948,2.101,40,5.59,85.1
3.0 in (v5 STEP),0,4000,11.626,3.352,5.148,5.008,1.885,7.740,4.618,2.037,40,5.68,84.3
3.0 in (v5 STEP),1,0,10.998,3.157,5.343,-2.071,1.775,8.365,12.211,7.668,65,19.77,never
3.0 in (v5 STEP),1,500,11.498,3.274,5.226,-1.712,1.841,7.979,11.533,7.304,65,19.74,never
3.0 in (v5 STEP),1,1000,11.998,3.391,5.109,-1.385,1.907,7.628,10.919,6.972,60,19.71,never
3.0 in (v5 STEP),1,1500,12.498,3.508,4.992,-1.085,1.972,7.306,10.363,6.670,60,19.69,never
3.0 in (v5 STEP),1,2000,12.998,3.625,4.875,-0.809,2.037,7.010,9.856,6.388,60,19.65,never
3.0 in (v5 STEP),1,2500,13.498,3.742,4.758,-0.555,2.101,6.737,9.393,6.125,60,19.61,never
3.0 in (v5 STEP),1,3000,13.998,3.859,4.641,-0.320,2.164,6.485,8.969,5.878,60,19.55,never
3.0 in (v5 STEP),1,3500,14.498,3.976,4.524,-0.102,2.228,6.251,8.580,5.645,60,19.48,never
3.0 in (v5 STEP),1,4000,14.998,4.093,4.407,0.101,2.291,6.033,8.223,5.427,60,19.40,never
1.5 in (v6 STEP),0,0,6.860,1.726,5.274,3.795,0.918,13.490,10.613,3.132,35,5.01,88.3
1.5 in (v6 STEP),0,500,7.360,1.843,5.157,3.826,0.981,12.515,9.669,3.058,35,5.27,87.8
1.5 in (v6 STEP),0,1000,7.860,1.960,5.040,3.853,1.043,11.671,8.861,2.988,35,5.52,87.5
1.5 in (v6 STEP),0,1500,8.360,2.077,4.923,3.876,1.104,10.934,8.162,2.921,35,5.76,87.0
1.5 in (v6 STEP),0,2000,8.860,2.194,4.806,3.896,1.165,10.284,7.554,2.849,35,5.97,86.6
1.5 in (v6 STEP),0,2500,9.360,2.311,4.689,3.914,1.226,9.708,7.020,2.780,35,6.18,86.3
1.5 in (v6 STEP),0,3000,9.860,2.428,4.572,3.930,1.287,9.192,6.549,2.708,35,6.35,86.0
1.5 in (v6 STEP),0,3500,10.360,2.545,4.455,3.945,1.348,8.729,6.131,2.636,35,6.51,85.6
1.5 in (v6 STEP),0,4000,10.860,2.661,4.339,3.958,1.408,8.310,5.759,2.560,35,6.64,85.3
1.5 in (v6 STEP),1,0,10.632,2.551,4.449,-3.849,1.351,8.703,13.903,8.505,65,21.08,never
1.5 in (v6 STEP),1,500,11.132,2.668,4.332,-3.463,1.411,8.286,13.160,8.110,60,21.11,never
1.5 in (v6 STEP),1,1000,11.632,2.785,4.215,-3.112,1.471,7.908,12.491,7.753,60,21.14,never
1.5 in (v6 STEP),1,1500,12.132,2.902,4.098,-2.791,1.531,7.562,11.885,7.422,60,21.17,never
1.5 in (v6 STEP),1,2000,12.632,3.019,3.981,-2.498,1.591,7.246,11.335,7.114,60,21.17,never
1.5 in (v6 STEP),1,2500,13.132,3.136,3.864,-2.228,1.651,6.955,10.834,6.826,60,21.17,never
1.5 in (v6 STEP),1,3000,13.632,3.253,3.747,-1.979,1.711,6.686,10.376,6.555,60,21.15,never
1.5 in (v6 STEP),1,3500,14.132,3.370,3.630,-1.749,1.770,6.438,9.956,6.303,60,21.11,never
1.5 in (v6 STEP),1,4000,14.632,3.487,3.513,-1.535,1.830,6.207,9.571,6.064,60,21.07,never
none,0,0,6.146,1.334,4.166,2.979,0.667,15.181,12.869,3.683,30,5.23,87.5
none,0,500,6.646,1.451,4.049,2.958,0.725,13.957,11.724,3.602,30,5.57,87.7
none,0,1000,7.146,1.568,3.932,2.940,0.784,12.916,10.759,3.518,30,5.88,87.9
none,0,1500,7.646,1.685,3.815,2.925,0.842,12.019,9.936,3.430,30,6.16,88.0
none,0,2000,8.146,1.802,3.698,2.912,0.901,11.239,9.228,3.340,30,6.41,88.1
none,0,2500,8.646,1.919,3.581,2.900,0.959,10.553,8.613,3.247,30,6.64,88.2
none,0,3000,9.146,2.036,3.464,2.890,1.018,9.947,8.075,3.150,30,6.83,88.3
none,0,3500,9.646,2.153,3.347,2.880,1.076,9.406,7.603,3.052,30,7.00,88.4
none,0,4000,10.146,2.270,3.230,2.872,1.135,8.922,7.185,2.952,30,7.14,88.5
none,1,0,10.318,2.245,3.255,-5.599,1.122,9.021,15.743,9.290,65,22.21,never
none,1,500,10.818,2.362,3.138,-5.187,1.181,8.574,14.942,8.857,65,22.28,never
none,1,1000,11.318,2.479,3.021,-4.814,1.239,8.170,14.223,8.460,65,22.33,never
none,1,1500,11.818,2.596,2.904,-4.474,1.298,7.801,13.574,8.094,65,22.37,never
none,1,2000,12.318,2.713,2.787,-4.164,1.356,7.465,12.986,7.755,65,22.40,never
none,1,2500,12.818,2.830,2.670,-3.880,1.415,7.156,12.451,7.438,65,22.41,never
none,1,3000,13.318,2.947,2.553,-3.618,1.473,6.872,11.963,7.143,65,22.42,never
none,1,3500,13.818,3.064,2.436,-3.376,1.532,6.610,11.517,6.865,65,22.40,never
none,1,4000,14.318,3.181,2.319,-3.152,1.590,6.367,11.109,6.604,65,22.37,never
